Abbreviation,Selected Map,Total_EV,Shift,Shift tooltip,I_Nominee tooltip,blank,D-Check,D_Nominee_prop,Color Bins,Independent spacing,Direction,Spacer,R-Check,D_Percentage,D_DifferencePercentage,D_Difference,D_EV,D_EV_Total,D_Nominee,R_Nominee_prop,D_PopularPercentage,D_Votes,D_Votes_Total,Hex_Column,Hex_Row,I_Percentage,I_EV,I_EV_Total,I_Nominee tooltip 䄏,I_Nominee tooltip ')',I_Nominee tooltip 'Percentage)',I_Nominee tooltip '(',I_Nominee,I_PopularPercentage,I_Votes,I_Votes_Total,Independent spacing (popular),Info,Last_RD_Difference,Last_Winner,Last_Winner_Percentage,Number of Records,RD_Difference (bin),RD_Difference,R_Percentage,R_DifferencePercentage,R_Difference,R_EV,R_EV_Total,R_Nominee,I_Nominee_prop,R_PopularPercentage,R_Votes,R_Votes_Total,Region,Row,Shift :(l/r),Shift abbreviation,Space,State (red),State (blue),State (yellow),State,State_Winner,Total Votes,Total_Votes_USA,Winner_Percentage,Winning Party,Year
MN,Hex,10,,,,,,Hillary Clinton,,,,0,,46.9,,,10,227,Hillary Clinton,Donald Trump,48.20%,1367716,65853625,,,,,,,,,,,,,,,"Although most major media outlets insisted before the election that the race was too close to predict a winner in advance, analysts using statistical models, bookmakers, and betting markets had Obama as a clear favorite. At around 11:15 PM EST on Election Day, most major television networks called Ohio for Obama, projecting him the winner of the election. At around 1:00 AM EST on November 7, Romney conceded the election to Obama. By November 10, the electoral outcomes of all 50 states and the District of Columbia had been definitively projected. Obama won 332 electoral votes and carried all the states and districts (among states that allocate electoral votes by district) that he had won in the 2008 election except North Carolina, Indiana, and Nebraska's 2nd congressional district.",-7.7,D,-52.7,1,-10,-1.5,45.4,,,,304,Donald Trump, ,46.10%,1322951,62985106,Midwest,2,,-0.5,5,,Minnesota,,Minnesota,D,2944813,136628459,,R,2016
WI,Hex,10,,,,,,Hillary Clinton,,,,0,,46.9,,,,227,Hillary Clinton,Donald Trump,48.20%,1382536,65853625,,,,,,,,,,,,,,,"Although most major media outlets insisted before the election that the race was too close to predict a winner in advance, analysts using statistical models, bookmakers, and betting markets had Obama as a clear favorite. At around 11:15 PM EST on Election Day, most major television networks called Ohio for Obama, projecting him the winner of the election. At around 1:00 AM EST on November 7, Romney conceded the election to Obama. By November 10, the electoral outcomes of all 50 states and the District of Columbia had been definitively projected. Obama won 332 electoral votes and carried all the states and districts (among states that allocate electoral votes by district) that he had won in the 2008 election except North Carolina, Indiana, and Nebraska's 2nd congressional district.",-6.9,D,-52.9,1,-10,1,47.9,,,10,304,Donald Trump, ,46.10%,1405284,62985106,Midwest,2,,-0.5,7,Wisconsin,,,Wisconsin,R,2976150,136628459,,R,2016
MI,Hex,16,,,,,,Hillary Clinton,,,,0,,47.3,,,,227,Hillary Clinton,Donald Trump,48.20%,2268839,65853625,,,,,,,,,,,,,,,"Although most major media outlets insisted before the election that the race was too close to predict a winner in advance, analysts using statistical models, bookmakers, and betting markets had Obama as a clear favorite. At around 11:15 PM EST on Election Day, most major television networks called Ohio for Obama, projecting him the winner of the election. At around 1:00 AM EST on November 7, Romney conceded the election to Obama. By November 10, the electoral outcomes of all 50 states and the District of Columbia had been definitively projected. Obama won 332 electoral votes and carried all the states and districts (among states that allocate electoral votes by district) that he had won in the 2008 election except North Carolina, Indiana, and Nebraska's 2nd congressional district.",-9.5,D,-54.2,1,-10,0.3,47.6,,,16,304,Donald Trump, ,46.10%,2279543,62985106,Midwest,2,,-0.5,8,Michigan,,,Michigan,R,4799284,136628459,,R,2016
IL,Hex,20,,,,,,Hillary Clinton,,,,0,,55.4,,,20,227,Hillary Clinton,Donald Trump,48.20%,3090729,65853625,,,,,,,,,,,,,,,"Although most major media outlets insisted before the election that the race was too close to predict a winner in advance, analysts using statistical models, bookmakers, and betting markets had Obama as a clear favorite. At around 11:15 PM EST on Election Day, most major television networks called Ohio for Obama, projecting him the winner of the election. At around 1:00 AM EST on November 7, Romney conceded the election to Obama. By November 10, the electoral outcomes of all 50 states and the District of Columbia had been definitively projected. Obama won 332 electoral votes and carried all the states and districts (among states that allocate electoral votes by district) that he had won in the 2008 election except North Carolina, Indiana, and Nebraska's 2nd congressional district.",-16.9,D,-57.6,1,-20,-16,39.4,,,,304,Donald Trump, ,46.10%,2146015,62985106,Midwest,2,,-0.5,6,,Illinois,,Illinois,D,5536424,136628459,,R,2016
IA,Hex,6,,,,,,Hillary Clinton,,,,0,,42.2,,,,227,Hillary Clinton,Donald Trump,48.20%,653669,65853625,,,,,,,,,,,,,,,"Although most major media outlets insisted before the election that the race was too close to predict a winner in advance, analysts using statistical models, bookmakers, and betting markets had Obama as a clear favorite. At around 11:15 PM EST on Election Day, most major television networks called Ohio for Obama, projecting him the winner of the election. At around 1:00 AM EST on November 7, Romney conceded the election to Obama. By November 10, the electoral outcomes of all 50 states and the District of Columbia had been definitively projected. Obama won 332 electoral votes and carried all the states and districts (among states that allocate electoral votes by district) that he had won in the 2008 election except North Carolina, Indiana, and Nebraska's 2nd congressional district.",-5.8,D,-52,1,-10,9.6,51.8,,,6,304,Donald Trump, ,46.10%,800983,62985106,Midwest,3,,-0.5,5,Iowa,,,Iowa,R,1566031,136628459,,R,2016
OH,Hex,18,,,,,,Hillary Clinton,,,,0,,43.5,,,,227,Hillary Clinton,Donald Trump,48.20%,2394164,65853625,,,,,,,,,,,,,,,"Although most major media outlets insisted before the election that the race was too close to predict a winner in advance, analysts using statistical models, bookmakers, and betting markets had Obama as a clear favorite. At around 11:15 PM EST on Election Day, most major television networks called Ohio for Obama, projecting him the winner of the election. At around 1:00 AM EST on November 7, Romney conceded the election to Obama. By November 10, the electoral outcomes of all 50 states and the District of Columbia had been definitively projected. Obama won 332 electoral votes and carried all the states and districts (among states that allocate electoral votes by district) that he had won in the 2008 election except North Carolina, Indiana, and Nebraska's 2nd congressional district.",-3,D,-50.7,1,-5,8.6,52.1,,,18,304,Donald Trump, ,46.10%,2841005,62985106,Midwest,3,,-0.5,7,Ohio,,,Ohio,R,5496487,136628459,,R,2016
ME,Hex,4,,,,,,Hillary Clinton,,,,0,,47.9,,,3,227,Hillary Clinton,Donald Trump,48.20%,357735,65853625,,,,,,,,,,,,,,,"Although most major media outlets insisted before the election that the race was too close to predict a winner in advance, analysts using statistical models, bookmakers, and betting markets had Obama as a clear favorite. At around 11:15 PM EST on Election Day, most major television networks called Ohio for Obama, projecting him the winner of the election. At around 1:00 AM EST on November 7, Romney conceded the election to Obama. By November 10, the electoral outcomes of all 50 states and the District of Columbia had been definitively projected. Obama won 332 electoral votes and carried all the states and districts (among states that allocate electoral votes by district) that he had won in the 2008 election except North Carolina, Indiana, and Nebraska's 2nd congressional district.",-15.3,D,-56.3,1,-20,-2.7,45.2,,,1,304,Donald Trump, ,46.10%,335593,62985106,Northeast,0,,-0.5,11,,Maine,,Maine,,747927,136628459,,R,2016
VT,Hex,3,,,,,,Hillary Clinton,,,,0,,61.1,,,3,227,Hillary Clinton,Donald Trump,48.20%,178573,65853625,,,,,,,,,,,,,,,"Although most major media outlets insisted before the election that the race was too close to predict a winner in advance, analysts using statistical models, bookmakers, and betting markets had Obama as a clear favorite. At around 11:15 PM EST on Election Day, most major television networks called Ohio for Obama, projecting him the winner of the election. At around 1:00 AM EST on November 7, Romney conceded the election to Obama. By November 10, the electoral outcomes of all 50 states and the District of Columbia had been definitively projected. Obama won 332 electoral votes and carried all the states and districts (among states that allocate electoral votes by district) that he had won in the 2008 election except North Carolina, Indiana, and Nebraska's 2nd congressional district.",-35.6,D,-66.6,1,-40,-28.5,32.6,,,,304,Donald Trump, ,46.10%,"95,369",62985106,Northeast,1,,-0.5,10,,Vermont,,Vermont,D,315067,136628459,,R,2016
NH,Hex,4,,,,,,Hillary Clinton,,,,0,,47.6,,,4,227,Hillary Clinton,Donald Trump,48.20%,348526,65853625,,,,,,,,,,,,,,,"Although most major media outlets insisted before the election that the race was too close to predict a winner in advance, analysts using statistical models, bookmakers, and betting markets had Obama as a clear favorite. At around 11:15 PM EST on Election Day, most major television networks called Ohio for Obama, projecting him the winner of the election. At around 1:00 AM EST on November 7, Romney conceded the election to Obama. By November 10, the electoral outcomes of all 50 states and the District of Columbia had been definitively projected. Obama won 332 electoral votes and carried all the states and districts (among states that allocate electoral votes by district) that he had won in the 2008 election except North Carolina, Indiana, and Nebraska's 2nd congressional district.",-5.5,D,-52,1,-10,-0.4,47.2,,,,304,Donald Trump, ,46.10%,345790,62985106,Northeast,1,,-0.5,11,,New Hampshire,,New Hampshire,D,744296,136628459,,R,2016
NY,Hex,29,,,,,,Hillary Clinton,,,,0,,58.8,,,29,227,Hillary Clinton,Donald Trump,48.20%,4556124,65853625,,,,,,,,,,,,,,,"Although most major media outlets insisted before the election that the race was too close to predict a winner in advance, analysts using statistical models, bookmakers, and betting markets had Obama as a clear favorite. At around 11:15 PM EST on Election Day, most major television networks called Ohio for Obama, projecting him the winner of the election. At around 1:00 AM EST on November 7, Romney conceded the election to Obama. By November 10, the electoral outcomes of all 50 states and the District of Columbia had been definitively projected. Obama won 332 electoral votes and carried all the states and districts (among states that allocate electoral votes by district) that he had won in the 2008 election except North Carolina, Indiana, and Nebraska's 2nd congressional district.",-28.2,D,-63.4,1,-30,-21.3,37.5,,,,304,Donald Trump, ,46.10%,2819534,62985106,Northeast,2,,0.5,9,,New York,,New York,D,7721453,136628459,,R,2016
RI,Hex,4,,,,,,Hillary Clinton,,,,0,,55.4,,,4,227,Hillary Clinton,Donald Trump,48.20%,252525,65853625,,,,,,,,,,,,,,,"Although most major media outlets insisted before the election that the race was too close to predict a winner in advance, analysts using statistical models, bookmakers, and betting markets had Obama as a clear favorite. At around 11:15 PM EST on Election Day, most major television networks called Ohio for Obama, projecting him the winner of the election. At around 1:00 AM EST on November 7, Romney conceded the election to Obama. By November 10, the electoral outcomes of all 50 states and the District of Columbia had been definitively projected. Obama won 332 electoral votes and carried all the states and districts (among states that allocate electoral votes by district) that he had won in the 2008 election except North Carolina, Indiana, and Nebraska's 2nd congressional district.",-27.5,D,-62.7,1,-30,-15.6,39.8,,,,304,Donald Trump, ,46.10%,180543,62985106,Northeast,2,,-0.5,10,,Rhode Island,,Rhode Island,D,464144,136628459,,R,2016
MA,Hex,11,,,,,,Hillary Clinton,,,,0,,60.8,,,11,227,Hillary Clinton,Donald Trump,48.20%,1995196,65853625,,,,,,,,,,,,,,,"Although most major media outlets insisted before the election that the race was too close to predict a winner in advance, analysts using statistical models, bookmakers, and betting markets had Obama as a clear favorite. At around 11:15 PM EST on Election Day, most major television networks called Ohio for Obama, projecting him the winner of the election. At around 1:00 AM EST on November 7, Romney conceded the election to Obama. By November 10, the electoral outcomes of all 50 states and the District of Columbia had been definitively projected. Obama won 332 electoral votes and carried all the states and districts (among states that allocate electoral votes by district) that he had won in the 2008 election except North Carolina, Indiana, and Nebraska's 2nd congressional district.",-23.2,D,-60.7,1,-25,-27.3,33.5,,,,304,Donald Trump, ,46.10%,1090893,62985106,Northeast,2,,-0.5,11,,Massachusetts,,Massachusetts,D,3325046,136628459,,R,2016
PA,Hex,20,,,,,,Hillary Clinton,,,,0,,47.6,,,,227,Hillary Clinton,Donald Trump,48.20%,2926441,65853625,,,,,,,,,,,,,,,"Although most major media outlets insisted before the election that the race was too close to predict a winner in advance, analysts using statistical models, bookmakers, and betting markets had Obama as a clear favorite. At around 11:15 PM EST on Election Day, most major television networks called Ohio for Obama, projecting him the winner of the election. At around 1:00 AM EST on November 7, Romney conceded the election to Obama. By November 10, the electoral outcomes of all 50 states and the District of Columbia had been definitively projected. Obama won 332 electoral votes and carried all the states and districts (among states that allocate electoral votes by district) that he had won in the 2008 election except North Carolina, Indiana, and Nebraska's 2nd congressional district.",-5.4,D,-52.1,1,-10,1.2,48.8,,,20,304,Donald Trump, ,46.10%,2970733,62985106,Northeast,3,,-0.5,8,Pennsylvania,,,Pennsylvania,R,6165478,136628459,,R,2016
NJ,Hex,14,,,,,,Hillary Clinton,,,,0,,55,,,14,227,Hillary Clinton,Donald Trump,48.20%,2148278,65853625,,,,,,,,,,,,,,,"Although most major media outlets insisted before the election that the race was too close to predict a winner in advance, analysts using statistical models, bookmakers, and betting markets had Obama as a clear favorite. At around 11:15 PM EST on Election Day, most major television networks called Ohio for Obama, projecting him the winner of the election. At around 1:00 AM EST on November 7, Romney conceded the election to Obama. By November 10, the electoral outcomes of all 50 states and the District of Columbia had been definitively projected. Obama won 332 electoral votes and carried all the states and districts (among states that allocate electoral votes by district) that he had won in the 2008 election except North Carolina, Indiana, and Nebraska's 2nd congressional district.",-17.7,D,-58.3,1,-20,-13.2,41.8,,,,304,Donald Trump, ,46.10%,1601933,62985106,Northeast,3,,0.5,9,,New Jersey,,New Jersey,D,3874046,136628459,,R,2016
CT,Hex,7,,,,,,Hillary Clinton,,,,0,,54.5,,,7,227,Hillary Clinton,Donald Trump,48.20%,897572,65853625,,,,,,,,,,,,,,,"Although most major media outlets insisted before the election that the race was too close to predict a winner in advance, analysts using statistical models, bookmakers, and betting markets had Obama as a clear favorite. At around 11:15 PM EST on Election Day, most major television networks called Ohio for Obama, projecting him the winner of the election. At around 1:00 AM EST on November 7, Romney conceded the election to Obama. By November 10, the electoral outcomes of all 50 states and the District of Columbia had been definitively projected. Obama won 332 electoral votes and carried all the states and districts (among states that allocate electoral votes by district) that he had won in the 2008 election except North Carolina, Indiana, and Nebraska's 2nd congressional district.",-17.4,D,-58.1,1,-20,-13.3,41.2,,,,304,Donald Trump, ,46.10%,673215,62985106,Northeast,3,,-0.5,10,,Connecticut,,Connecticut,D,1644920,136628459,,R,2016
DC,Hex,3,,,,,,Hillary Clinton,,,,0,,92.8,,,3,227,Hillary Clinton,Donald Trump,48.20%,282830,65853625,,,,,,,,,,,,,,,"Although most major media outlets insisted before the election that the race was too close to predict a winner in advance, analysts using statistical models, bookmakers, and betting markets had Obama as a clear favorite. At around 11:15 PM EST on Election Day, most major television networks called Ohio for Obama, projecting him the winner of the election. At around 1:00 AM EST on November 7, Romney conceded the election to Obama. By November 10, the electoral outcomes of all 50 states and the District of Columbia had been definitively projected. Obama won 332 electoral votes and carried all the states and districts (among states that allocate electoral votes by district) that he had won in the 2008 election except North Carolina, Indiana, and Nebraska's 2nd congressional district.",-83.6,D,-90.9,1,-85,-88.7,4.1,,,,304,Donald Trump, ,46.10%,12723,62985106,Northeast,4,,-0.5,10,,Dist. of Col.,,Dist. of Col.,D,311268,136628459,,R,2016
DE,Hex,3,,,,,,Hillary Clinton,,,,0,,53.4,,,3,227,Hillary Clinton,Donald Trump,48.20%,235603,65853625,,,,,,,,,,,,,,,"Although most major media outlets insisted before the election that the race was too close to predict a winner in advance, analysts using statistical models, bookmakers, and betting markets had Obama as a clear favorite. At around 11:15 PM EST on Election Day, most major television networks called Ohio for Obama, projecting him the winner of the election. At around 1:00 AM EST on November 7, Romney conceded the election to Obama. By November 10, the electoral outcomes of all 50 states and the District of Columbia had been definitively projected. Obama won 332 electoral votes and carried all the states and districts (among states that allocate electoral votes by district) that he had won in the 2008 election except North Carolina, Indiana, and Nebraska's 2nd congressional district.",-18.6,D,-58.6,1,-20,-11.5,41.9,,,,304,Donald Trump, ,46.10%,185127,62985106,Northeast,5,,-0.5,9,,Delaware,,Delaware,D,442814,136628459,,R,2016
MD,Hex,10,,,,,,Hillary Clinton,,,,0,,60.5,,,10,227,Hillary Clinton,Donald Trump,48.20%,1677928,65853625,,,,,,,,,,,,,,,"Although most major media outlets insisted before the election that the race was too close to predict a winner in advance, analysts using statistical models, bookmakers, and betting markets had Obama as a clear favorite. At around 11:15 PM EST on Election Day, most major television networks called Ohio for Obama, projecting him the winner of the election. At around 1:00 AM EST on November 7, Romney conceded the election to Obama. By November 10, the electoral outcomes of all 50 states and the District of Columbia had been definitively projected. Obama won 332 electoral votes and carried all the states and districts (among states that allocate electoral votes by district) that he had won in the 2008 election except North Carolina, Indiana, and Nebraska's 2nd congressional district.",-26.1,D,-62,1,-30,-25.2,35.3,,,,304,Donald Trump, ,46.10%,943169,62985106,South,4,,0.5,9,,Maryland,,Maryland,D,2781446,136628459,,R,2016
VA,Hex,13,,,,,,Hillary Clinton,,,,0,,49.9,,,13,227,Hillary Clinton,Donald Trump,48.20%,1981473,65853625,,,,,,,,,,,,,,,"Although most major media outlets insisted before the election that the race was too close to predict a winner in advance, analysts using statistical models, bookmakers, and betting markets had Obama as a clear favorite. At around 11:15 PM EST on Election Day, most major television networks called Ohio for Obama, projecting him the winner of the election. At around 1:00 AM EST on November 7, Romney conceded the election to Obama. By November 10, the electoral outcomes of all 50 states and the District of Columbia had been definitively projected. Obama won 332 electoral votes and carried all the states and districts (among states that allocate electoral votes by district) that he had won in the 2008 election except North Carolina, Indiana, and Nebraska's 2nd congressional district.",-3.9,D,-51.2,1,-5,-4.9,45,,,,304,Donald Trump, ,46.10%,1769443,62985106,South,4,,-0.5,8,,Virginia,,Virginia,D,3984631,136628459,,R,2016
FL,Hex,29,,,,,,Hillary Clinton,,,,0,,47.8,,,,227,Hillary Clinton,Donald Trump,48.20%,4504975,65853625,,,,,,,,,,,,,,,"Although most major media outlets insisted before the election that the race was too close to predict a winner in advance, analysts using statistical models, bookmakers, and betting markets had Obama as a clear favorite. At around 11:15 PM EST on Election Day, most major television networks called Ohio for Obama, projecting him the winner of the election. At around 1:00 AM EST on November 7, Romney conceded the election to Obama. By November 10, the electoral outcomes of all 50 states and the District of Columbia had been definitively projected. Obama won 332 electoral votes and carried all the states and districts (among states that allocate electoral votes by district) that he had won in the 2008 election except North Carolina, Indiana, and Nebraska's 2nd congressional district.",-0.9,D,-50,1,-5,1.3,49.1,,,29,304,Donald Trump, ,46.10%,4617886,62985106,South,7,,-0.5,9,Florida,,,Florida,R,9420039,136628459,,R,2016
WA,Hex,12,,,,,,Hillary Clinton,,,,0,,54.5,,,8,227,Hillary Clinton,Donald Trump,48.20%,1742718,65853625,,,,,,,,,,,,,,,"Although most major media outlets insisted before the election that the race was too close to predict a winner in advance, analysts using statistical models, bookmakers, and betting markets had Obama as a clear favorite. At around 11:15 PM EST on Election Day, most major television networks called Ohio for Obama, projecting him the winner of the election. At around 1:00 AM EST on November 7, Romney conceded the election to Obama. By November 10, the electoral outcomes of all 50 states and the District of Columbia had been definitively projected. Obama won 332 electoral votes and carried all the states and districts (among states that allocate electoral votes by district) that he had won in the 2008 election except North Carolina, Indiana, and Nebraska's 2nd congressional district.",-14.9,D,-56.2,1,-15,-16.3,38.2,,,,304,Donald Trump, ,46.10%,1221747,62985106,West,2,,-0.5,1,,Washington,,Washington,D,3317019,136628459,,R,2016
OR,Hex,7,,,,,,Hillary Clinton,,,,0,,51.7,,,7,227,Hillary Clinton,Donald Trump,48.20%,1002106,65853625,,,,,,,,,,,,,,,"Although most major media outlets insisted before the election that the race was too close to predict a winner in advance, analysts using statistical models, bookmakers, and betting markets had Obama as a clear favorite. At around 11:15 PM EST on Election Day, most major television networks called Ohio for Obama, projecting him the winner of the election. At around 1:00 AM EST on November 7, Romney conceded the election to Obama. By November 10, the electoral outcomes of all 50 states and the District of Columbia had been definitively projected. Obama won 332 electoral votes and carried all the states and districts (among states that allocate electoral votes by district) that he had won in the 2008 election except North Carolina, Indiana, and Nebraska's 2nd congressional district.",-12.1,D,-54.2,1,-15,-10.6,41.1,,,,304,Donald Trump, ,46.10%,782403,62985106,West,3,,-0.5,1,,Oregon,,Oregon,D,2001336,136628459,,R,2016
NV,Hex,6,,,,,,Hillary Clinton,,,,0,,47.9,,,6,227,Hillary Clinton,Donald Trump,48.20%,539260,65853625,,,,,,,,,,,,,,,"Although most major media outlets insisted before the election that the race was too close to predict a winner in advance, analysts using statistical models, bookmakers, and betting markets had Obama as a clear favorite. At around 11:15 PM EST on Election Day, most major television networks called Ohio for Obama, projecting him the winner of the election. At around 1:00 AM EST on November 7, Romney conceded the election to Obama. By November 10, the electoral outcomes of all 50 states and the District of Columbia had been definitively projected. Obama won 332 electoral votes and carried all the states and districts (among states that allocate electoral votes by district) that he had won in the 2008 election except North Carolina, Indiana, and Nebraska's 2nd congressional district.",-6.7,D,-52.4,1,-10,-2.4,45.5,,,,304,Donald Trump, ,46.10%,512058,62985106,West,3,,-0.5,2,,Nevada,,Nevada,D,1125385,136628459,,R,2016
CO,Hex,9,,,,,,Hillary Clinton,,,,0,,47.2,,,9,227,Hillary Clinton,Donald Trump,48.20%,1338870,65853625,,,,,,,,,,,,,,,"Although most major media outlets insisted before the election that the race was too close to predict a winner in advance, analysts using statistical models, bookmakers, and betting markets had Obama as a clear favorite. At around 11:15 PM EST on Election Day, most major television networks called Ohio for Obama, projecting him the winner of the election. At around 1:00 AM EST on November 7, Romney conceded the election to Obama. By November 10, the electoral outcomes of all 50 states and the District of Columbia had been definitively projected. Obama won 332 electoral votes and carried all the states and districts (among states that allocate electoral votes by district) that he had won in the 2008 election except North Carolina, Indiana, and Nebraska's 2nd congressional district.",-5.4,D,-51.5,1,-10,-2.8,44.4,,,,304,Donald Trump, ,46.10%,1202484,62985106,West,4,,-0.5,3,,Colorado,,Colorado,D,2780247,136628459,,R,2016
CA,Hex,55,,,,,,Hillary Clinton,,,,0,,61.5,,,55,227,Hillary Clinton,Donald Trump,48.20%,8753788,65853625,,,,,,,,,,,,,,,"Although most major media outlets insisted before the election that the race was too close to predict a winner in advance, analysts using statistical models, bookmakers, and betting markets had Obama as a clear favorite. At around 11:15 PM EST on Election Day, most major television networks called Ohio for Obama, projecting him the winner of the election. At around 1:00 AM EST on November 7, Romney conceded the election to Obama. By November 10, the electoral outcomes of all 50 states and the District of Columbia had been definitively projected. Obama won 332 electoral votes and carried all the states and districts (among states that allocate electoral votes by district) that he had won in the 2008 election except North Carolina, Indiana, and Nebraska's 2nd congressional district.",-23.1,D,-60.2,1,-25,-28.3,33.2,,,,304,Donald Trump, ,46.10%,4483810,62985106,West,4,,-0.5,1,,California,,California,D,14181595,136628459,,R,2016
NM,Hex,5,,,,,,Hillary Clinton,,,,0,,48.3,,,5,227,Hillary Clinton,Donald Trump,48.20%,385234,65853625,,,,,,,,,,,,,,,"Although most major media outlets insisted before the election that the race was too close to predict a winner in advance, analysts using statistical models, bookmakers, and betting markets had Obama as a clear favorite. At around 11:15 PM EST on Election Day, most major television networks called Ohio for Obama, projecting him the winner of the election. At around 1:00 AM EST on November 7, Romney conceded the election to Obama. By November 10, the electoral outcomes of all 50 states and the District of Columbia had been definitively projected. Obama won 332 electoral votes and carried all the states and districts (among states that allocate electoral votes by district) that he had won in the 2008 election except North Carolina, Indiana, and Nebraska's 2nd congressional district.",-10.2,D,-53,1,-15,-8.3,40,,,,304,Donald Trump, ,46.10%,319667,62985106,West,5,,-0.5,3,,New Mexico,,New Mexico,D,798319,136628459,,R,2016
HI,Hex,4,,,,,,Hillary Clinton,,,,0,,62.3,,,3,227,Hillary Clinton,Donald Trump,48.20%,266891,65853625,,,,,,,,,,,,,,,"Although most major media outlets insisted before the election that the race was too close to predict a winner in advance, analysts using statistical models, bookmakers, and betting markets had Obama as a clear favorite. At around 11:15 PM EST on Election Day, most major television networks called Ohio for Obama, projecting him the winner of the election. At around 1:00 AM EST on November 7, Romney conceded the election to Obama. By November 10, the electoral outcomes of all 50 states and the District of Columbia had been definitively projected. Obama won 332 electoral votes and carried all the states and districts (among states that allocate electoral votes by district) that he had won in the 2008 election except North Carolina, Indiana, and Nebraska's 2nd congressional district.",-42.7,D,-70.5,1,-45,-32.2,30.1,,,,304,Donald Trump, ,46.10%,128847,62985106,West,7,,-0.5,1,,Hawaii,,Hawaii,D,428937,136628459,,R,2016
IN,Hex,11,,,,,,Hillary Clinton,,,,0,,37.9,,,,227,Hillary Clinton,Donald Trump,48.20%,1033126,65853625,,,,,,,,,,,,,,,"Although most major media outlets insisted before the election that the race was too close to predict a winner in advance, analysts using statistical models, bookmakers, and betting markets had Obama as a clear favorite. At around 11:15 PM EST on Election Day, most major television networks called Ohio for Obama, projecting him the winner of the election. At around 1:00 AM EST on November 7, Romney conceded the election to Obama. By November 10, the electoral outcomes of all 50 states and the District of Columbia had been definitively projected. Obama won 332 electoral votes and carried all the states and districts (among states that allocate electoral votes by district) that he had won in the 2008 election except North Carolina, Indiana, and Nebraska's 2nd congressional district.",10.2,R,54.1,1,10,19.3,57.2,,,11,304,Donald Trump, ,46.10%,1557286,62985106,Midwest,3,,-0.5,6,Indiana,,,Indiana,R,2734958,136628459,,R,2016
ND,Hex,3,,,,,,Hillary Clinton,,,,0,,27.8,,,,227,Hillary Clinton,Donald Trump,48.20%,93758,65853625,,,,,,,,,,,,,,,"Although most major media outlets insisted before the election that the race was too close to predict a winner in advance, analysts using statistical models, bookmakers, and betting markets had Obama as a clear favorite. At around 11:15 PM EST on Election Day, most major television networks called Ohio for Obama, projecting him the winner of the election. At around 1:00 AM EST on November 7, Romney conceded the election to Obama. By November 10, the electoral outcomes of all 50 states and the District of Columbia had been definitively projected. Obama won 332 electoral votes and carried all the states and districts (among states that allocate electoral votes by district) that he had won in the 2008 election except North Carolina, Indiana, and Nebraska's 2nd congressional district.",19.6,R,58.3,1,15,36.3,64.1,,,3,304,Donald Trump, ,46.10%,216794,62985106,Midwest,2,,-0.5,4,North Dakota,,,North Dakota,R,344360,136628459,,R,2016
SD,Hex,3,,,,,,Hillary Clinton,,,,0,,31.7,,,,227,Hillary Clinton,Donald Trump,48.20%,117458,65853625,,,,,,,,,,,,,,,"Although most major media outlets insisted before the election that the race was too close to predict a winner in advance, analysts using statistical models, bookmakers, and betting markets had Obama as a clear favorite. At around 11:15 PM EST on Election Day, most major television networks called Ohio for Obama, projecting him the winner of the election. At around 1:00 AM EST on November 7, Romney conceded the election to Obama. By November 10, the electoral outcomes of all 50 states and the District of Columbia had been definitively projected. Obama won 332 electoral votes and carried all the states and districts (among states that allocate electoral votes by district) that he had won in the 2008 election except North Carolina, Indiana, and Nebraska's 2nd congressional district.",18,R,57.9,1,15,29.8,61.5,,,3,304,Donald Trump, ,46.10%,227721,62985106,Midwest,3,,-0.5,4,South Dakota,,,South Dakota,R,370093,136628459,,R,2016
NE,Hex,5,,,,,,Hillary Clinton,,,,0,,34,,,,227,Hillary Clinton,Donald Trump,48.20%,284494,65853625,,,,,,,,,,,,,,,"Although most major media outlets insisted before the election that the race was too close to predict a winner in advance, analysts using statistical models, bookmakers, and betting markets had Obama as a clear favorite. At around 11:15 PM EST on Election Day, most major television networks called Ohio for Obama, projecting him the winner of the election. At around 1:00 AM EST on November 7, Romney conceded the election to Obama. By November 10, the electoral outcomes of all 50 states and the District of Columbia had been definitively projected. Obama won 332 electoral votes and carried all the states and districts (among states that allocate electoral votes by district) that he had won in the 2008 election except North Carolina, Indiana, and Nebraska's 2nd congressional district.",21.8,R,59.8,1,20,26.3,60.3,,,5,304,Donald Trump, ,46.10%,495961,62985106,Midwest,4,,-0.5,4,Nebraska,,,Nebraska,R,844227,136628459,,R,2016
MO,Hex,10,,,,,,Hillary Clinton,,,,0,,38,,,,227,Hillary Clinton,Donald Trump,48.20%,1071068,65853625,,,,,,,,,,,,,,,"Although most major media outlets insisted before the election that the race was too close to predict a winner in advance, analysts using statistical models, bookmakers, and betting markets had Obama as a clear favorite. At around 11:15 PM EST on Election Day, most major television networks called Ohio for Obama, projecting him the winner of the election. At around 1:00 AM EST on November 7, Romney conceded the election to Obama. By November 10, the electoral outcomes of all 50 states and the District of Columbia had been definitively projected. Obama won 332 electoral votes and carried all the states and districts (among states that allocate electoral votes by district) that he had won in the 2008 election except North Carolina, Indiana, and Nebraska's 2nd congressional district.",9.4,R,53.8,1,5,19.1,57.1,,,10,304,Donald Trump, ,46.10%,1594511,62985106,Midwest,4,,-0.5,5,Missouri,,,Missouri,R,2808605,136628459,,R,2016
KS,Hex,6,,,,,,Hillary Clinton,,,,0,,36.2,,,,227,Hillary Clinton,Donald Trump,48.20%,427005,65853625,,,,,,,,,,,,,,,"Although most major media outlets insisted before the election that the race was too close to predict a winner in advance, analysts using statistical models, bookmakers, and betting markets had Obama as a clear favorite. At around 11:15 PM EST on Election Day, most major television networks called Ohio for Obama, projecting him the winner of the election. At around 1:00 AM EST on November 7, Romney conceded the election to Obama. By November 10, the electoral outcomes of all 50 states and the District of Columbia had been definitively projected. Obama won 332 electoral votes and carried all the states and districts (among states that allocate electoral votes by district) that he had won in the 2008 election except North Carolina, Indiana, and Nebraska's 2nd congressional district.",21.7,R,59.7,1,20,21,57.2,,,6,304,Donald Trump, ,46.10%,"671,018",62985106,Midwest,5,,-0.5,4,Kansas,,,Kansas,R,1184402,136628459,,R,2016
NC,Hex,15,,,,,,Hillary Clinton,,,,0,,46.7,,,,227,Hillary Clinton,Donald Trump,48.20%,2189316,65853625,,,,,,,,,,,,,,,"Although most major media outlets insisted before the election that the race was too close to predict a winner in advance, analysts using statistical models, bookmakers, and betting markets had Obama as a clear favorite. At around 11:15 PM EST on Election Day, most major television networks called Ohio for Obama, projecting him the winner of the election. At around 1:00 AM EST on November 7, Romney conceded the election to Obama. By November 10, the electoral outcomes of all 50 states and the District of Columbia had been definitively projected. Obama won 332 electoral votes and carried all the states and districts (among states that allocate electoral votes by district) that he had won in the 2008 election except North Carolina, Indiana, and Nebraska's 2nd congressional district.",2,R,50.4,1,0,3.8,50.5,,,15,304,Donald Trump, ,46.10%,2362631,62985106,South,5,,-0.5,7,North Carolina,,,North Carolina,R,4741564,136628459,,R,2016
KY,Hex,8,,,,,,Hillary Clinton,,,,0,,32.7,,,,227,Hillary Clinton,Donald Trump,48.20%,628854,65853625,,,,,,,,,,,,,,,"Although most major media outlets insisted before the election that the race was too close to predict a winner in advance, analysts using statistical models, bookmakers, and betting markets had Obama as a clear favorite. At around 11:15 PM EST on Election Day, most major television networks called Ohio for Obama, projecting him the winner of the election. At around 1:00 AM EST on November 7, Romney conceded the election to Obama. By November 10, the electoral outcomes of all 50 states and the District of Columbia had been definitively projected. Obama won 332 electoral votes and carried all the states and districts (among states that allocate electoral votes by district) that he had won in the 2008 election except North Carolina, Indiana, and Nebraska's 2nd congressional district.",22.7,R,60.5,1,20,29.8,62.5,,,8,304,Donald Trump, ,46.10%,1202971,62985106,South,4,,-0.5,6,Kentucky,,,Kentucky,R,1924149,136628459,,R,2016
WV,Hex,5,,,,,,Hillary Clinton,,,,0,,26.5,,,,227,Hillary Clinton,Donald Trump,48.20%,188794,65853625,,,,,,,,,,,,,,,"Although most major media outlets insisted before the election that the race was too close to predict a winner in advance, analysts using statistical models, bookmakers, and betting markets had Obama as a clear favorite. At around 11:15 PM EST on Election Day, most major television networks called Ohio for Obama, projecting him the winner of the election. At around 1:00 AM EST on November 7, Romney conceded the election to Obama. By November 10, the electoral outcomes of all 50 states and the District of Columbia had been definitively projected. Obama won 332 electoral votes and carried all the states and districts (among states that allocate electoral votes by district) that he had won in the 2008 election except North Carolina, Indiana, and Nebraska's 2nd congressional district.",26.8,R,62.3,1,25,42.2,68.7,,,5,304,Donald Trump, ,46.10%,489371,62985106,South,4,,-0.5,7,West Virginia,,,West Virginia,R,714423,136628459,,R,2016
AR,Hex,6,,,,,,Hillary Clinton,,,,0,,33.8,,,,227,Hillary Clinton,Donald Trump,48.20%,380494,65853625,,,,,,,,,,,,,,,"Although most major media outlets insisted before the election that the race was too close to predict a winner in advance, analysts using statistical models, bookmakers, and betting markets had Obama as a clear favorite. At around 11:15 PM EST on Election Day, most major television networks called Ohio for Obama, projecting him the winner of the election. At around 1:00 AM EST on November 7, Romney conceded the election to Obama. By November 10, the electoral outcomes of all 50 states and the District of Columbia had been definitively projected. Obama won 332 electoral votes and carried all the states and districts (among states that allocate electoral votes by district) that he had won in the 2008 election except North Carolina, Indiana, and Nebraska's 2nd congressional district.",23.7,R,60.6,1,20,26.6,60.4,,,6,304,Donald Trump, ,46.10%,684872,62985106,South,5,,-0.5,5,Arkansas,,,Arkansas,R,1130635,136628459,,R,2016
TN,Hex,11,,,,,,Hillary Clinton,,,,0,,34.9,,,,227,Hillary Clinton,Donald Trump,48.20%,870695,65853625,,,,,,,,,,,,,,,"Although most major media outlets insisted before the election that the race was too close to predict a winner in advance, analysts using statistical models, bookmakers, and betting markets had Obama as a clear favorite. At around 11:15 PM EST on Election Day, most major television networks called Ohio for Obama, projecting him the winner of the election. At around 1:00 AM EST on November 7, Romney conceded the election to Obama. By November 10, the electoral outcomes of all 50 states and the District of Columbia had been definitively projected. Obama won 332 electoral votes and carried all the states and districts (among states that allocate electoral votes by district) that he had won in the 2008 election except North Carolina, Indiana, and Nebraska's 2nd congressional district.",20.4,R,59.5,1,20,26.2,61.1,,,11,304,Donald Trump, ,46.10%,1522925,62985106,South,5,,-0.5,6,Tennessee,,,Tennessee,R,2508027,136628459,,R,2016
SC,Hex,9,,,,,,Hillary Clinton,,,,0,,40.8,,,,227,Hillary Clinton,Donald Trump,48.20%,855373,65853625,,,,,,,,,,,,,,,"Although most major media outlets insisted before the election that the race was too close to predict a winner in advance, analysts using statistical models, bookmakers, and betting markets had Obama as a clear favorite. At around 11:15 PM EST on Election Day, most major television networks called Ohio for Obama, projecting him the winner of the election. At around 1:00 AM EST on November 7, Romney conceded the election to Obama. By November 10, the electoral outcomes of all 50 states and the District of Columbia had been definitively projected. Obama won 332 electoral votes and carried all the states and districts (among states that allocate electoral votes by district) that he had won in the 2008 election except North Carolina, Indiana, and Nebraska's 2nd congressional district.",10.5,R,54.6,1,10,14.1,54.9,,,9,304,Donald Trump, ,46.10%,1155389,62985106,South,5,,-0.5,8,South Carolina,,,South Carolina,R,2103027,136628459,,R,2016
OK,Hex,7,,,,,,Hillary Clinton,,,,0,,28.9,,,,227,Hillary Clinton,Donald Trump,48.20%,420375,65853625,,,,,,,,,,,,,,,"Although most major media outlets insisted before the election that the race was too close to predict a winner in advance, analysts using statistical models, bookmakers, and betting markets had Obama as a clear favorite. At around 11:15 PM EST on Election Day, most major television networks called Ohio for Obama, projecting him the winner of the election. At around 1:00 AM EST on November 7, Romney conceded the election to Obama. By November 10, the electoral outcomes of all 50 states and the District of Columbia had been definitively projected. Obama won 332 electoral votes and carried all the states and districts (among states that allocate electoral votes by district) that he had won in the 2008 election except North Carolina, Indiana, and Nebraska's 2nd congressional district.",33.6,R,66.8,1,30,36.4,65.3,,,7,304,Donald Trump, ,46.10%,949136,62985106,South,6,,-0.5,4,Oklahoma,,,Oklahoma,R,1452992,136628459,,R,2016
LA,Hex,8,,,,,,Hillary Clinton,,,,0,,38.4,,,,227,Hillary Clinton,Donald Trump,48.20%,780154,65853625,,,,,,,,,,,,,,,"Although most major media outlets insisted before the election that the race was too close to predict a winner in advance, analysts using statistical models, bookmakers, and betting markets had Obama as a clear favorite. At around 11:15 PM EST on Election Day, most major television networks called Ohio for Obama, projecting him the winner of the election. At around 1:00 AM EST on November 7, Romney conceded the election to Obama. By November 10, the electoral outcomes of all 50 states and the District of Columbia had been definitively projected. Obama won 332 electoral votes and carried all the states and districts (among states that allocate electoral votes by district) that he had won in the 2008 election except North Carolina, Indiana, and Nebraska's 2nd congressional district.",17.2,R,57.8,1,15,19.7,58.1,,,8,304,Donald Trump, ,46.10%,1178638,62985106,South,6,,0.5,5,Louisiana,,,Louisiana,R,2029032,136628459,,R,2016
MS,Hex,6,,,,,,Hillary Clinton,,,,0,,39.7,,,,227,Hillary Clinton,Donald Trump,48.20%,485131,65853625,,,,,,,,,,,,,,,"Although most major media outlets insisted before the election that the race was too close to predict a winner in advance, analysts using statistical models, bookmakers, and betting markets had Obama as a clear favorite. At around 11:15 PM EST on Election Day, most major television networks called Ohio for Obama, projecting him the winner of the election. At around 1:00 AM EST on November 7, Romney conceded the election to Obama. By November 10, the electoral outcomes of all 50 states and the District of Columbia had been definitively projected. Obama won 332 electoral votes and carried all the states and districts (among states that allocate electoral votes by district) that he had won in the 2008 election except North Carolina, Indiana, and Nebraska's 2nd congressional district.",11.5,R,55.3,1,10,18.6,58.3,,,6,304,Donald Trump, ,46.10%,700714,62985106,South,6,,0.5,6,Mississippi,,,Mississippi,R,1209357,136628459,,R,2016
AL,Hex,9,,,,,,Hillary Clinton,,,,0,,34.6,,,,227,Hillary Clinton,Donald Trump,48.20%,729547,65853625,,,,,,,,,,,,,,,"Although most major media outlets insisted before the election that the race was too close to predict a winner in advance, analysts using statistical models, bookmakers, and betting markets had Obama as a clear favorite. At around 11:15 PM EST on Election Day, most major television networks called Ohio for Obama, projecting him the winner of the election. At around 1:00 AM EST on November 7, Romney conceded the election to Obama. By November 10, the electoral outcomes of all 50 states and the District of Columbia had been definitively projected. Obama won 332 electoral votes and carried all the states and districts (among states that allocate electoral votes by district) that he had won in the 2008 election except North Carolina, Indiana, and Nebraska's 2nd congressional district.",22.1,R,60.5,1,20,28.3,62.9,,,9,304,Donald Trump, ,46.10%,1318255,62985106,South,6,,-0.5,7,Alabama,,,Alabama,R,2123372,136628459,,R,2016
GA,Hex,16,,,,,,Hillary Clinton,,,,0,,45.6,,,,227,Hillary Clinton,Donald Trump,48.20%,1877963,65853625,,,,,,,,,,,,,,,"Although most major media outlets insisted before the election that the race was too close to predict a winner in advance, analysts using statistical models, bookmakers, and betting markets had Obama as a clear favorite. At around 11:15 PM EST on Election Day, most major television networks called Ohio for Obama, projecting him the winner of the election. At around 1:00 AM EST on November 7, Romney conceded the election to Obama. By November 10, the electoral outcomes of all 50 states and the District of Columbia had been definitively projected. Obama won 332 electoral votes and carried all the states and districts (among states that allocate electoral votes by district) that he had won in the 2008 election except North Carolina, Indiana, and Nebraska's 2nd congressional district.",7.8,R,53.3,1,5,5.7,51.3,,,16,304,Donald Trump, ,46.10%,2089104,62985106,South,6,,-0.5,8,Georgia,,,Georgia,R,4114732,136628459,,R,2016
TX,Hex,38,,,,,,Hillary Clinton,,,,0,,43.4,,,,227,Hillary Clinton,Donald Trump,48.20%,3877868,65853625,,,,,,,,,,,,,,,"Although most major media outlets insisted before the election that the race was too close to predict a winner in advance, analysts using statistical models, bookmakers, and betting markets had Obama as a clear favorite. At around 11:15 PM EST on Election Day, most major television networks called Ohio for Obama, projecting him the winner of the election. At around 1:00 AM EST on November 7, Romney conceded the election to Obama. By November 10, the electoral outcomes of all 50 states and the District of Columbia had been definitively projected. Obama won 332 electoral votes and carried all the states and districts (among states that allocate electoral votes by district) that he had won in the 2008 election except North Carolina, Indiana, and Nebraska's 2nd congressional district.",15.8,R,57.2,1,15,9.2,52.6,,,36,304,Donald Trump, ,46.10%,4685047,62985106,South,7,,-0.5,4,Texas,,,Texas,R,8969226,136628459,,R,2016
AK,Hex,3,,,,,,Hillary Clinton,,,,0,,37.7,,,,227,Hillary Clinton,Donald Trump,48.20%,116454,65853625,,,,,,,,,,,,,,,"Although most major media outlets insisted before the election that the race was too close to predict a winner in advance, analysts using statistical models, bookmakers, and betting markets had Obama as a clear favorite. At around 11:15 PM EST on Election Day, most major television networks called Ohio for Obama, projecting him the winner of the election. At around 1:00 AM EST on November 7, Romney conceded the election to Obama. By November 10, the electoral outcomes of all 50 states and the District of Columbia had been definitively projected. Obama won 332 electoral votes and carried all the states and districts (among states that allocate electoral votes by district) that he had won in the 2008 election except North Carolina, Indiana, and Nebraska's 2nd congressional district.",14,R,54.8,1,10,15.2,52.9,,,3,304,Donald Trump, ,46.10%,163387,62985106,West,0,,0.5,0,Alaska,,,Alaska,R,318608,136628459,,R,2016
MT,Hex,3,,,,,,Hillary Clinton,,,,0,,36,,,,227,Hillary Clinton,Donald Trump,48.20%,177709,65853625,,,,,,,,,,,,,,,"Although most major media outlets insisted before the election that the race was too close to predict a winner in advance, analysts using statistical models, bookmakers, and betting markets had Obama as a clear favorite. At around 11:15 PM EST on Election Day, most major television networks called Ohio for Obama, projecting him the winner of the election. At around 1:00 AM EST on November 7, Romney conceded the election to Obama. By November 10, the electoral outcomes of all 50 states and the District of Columbia had been definitively projected. Obama won 332 electoral votes and carried all the states and districts (among states that allocate electoral votes by district) that he had won in the 2008 election except North Carolina, Indiana, and Nebraska's 2nd congressional district.",13.7,R,55.4,1,10,20.5,56.5,,,3,304,Donald Trump, ,46.10%,279240,62985106,West,2,,-0.5,3,Montana,,,Montana,R,497147,136628459,,R,2016
ID,Hex,4,,,,,,Hillary Clinton,,,,0,,27.6,,,,227,Hillary Clinton,Donald Trump,48.20%,189765,65853625,,,,,,,,,,,,,,,"Although most major media outlets insisted before the election that the race was too close to predict a winner in advance, analysts using statistical models, bookmakers, and betting markets had Obama as a clear favorite. At around 11:15 PM EST on Election Day, most major television networks called Ohio for Obama, projecting him the winner of the election. At around 1:00 AM EST on November 7, Romney conceded the election to Obama. By November 10, the electoral outcomes of all 50 states and the District of Columbia had been definitively projected. Obama won 332 electoral votes and carried all the states and districts (among states that allocate electoral votes by district) that he had won in the 2008 election except North Carolina, Indiana, and Nebraska's 2nd congressional district.",31.9,R,64.5,1,30,31.6,59.2,,,4,304,Donald Trump, ,46.10%,409055,62985106,West,2,,-0.5,2,Idaho,,,Idaho,R,690225,136628459,,R,2016
WY,Hex,3,,,,,,Hillary Clinton,,,,0,,22.5,,,,227,Hillary Clinton,Donald Trump,48.20%,55973,65853625,,,,,,,,,,,,,,,"Although most major media outlets insisted before the election that the race was too close to predict a winner in advance, analysts using statistical models, bookmakers, and betting markets had Obama as a clear favorite. At around 11:15 PM EST on Election Day, most major television networks called Ohio for Obama, projecting him the winner of the election. At around 1:00 AM EST on November 7, Romney conceded the election to Obama. By November 10, the electoral outcomes of all 50 states and the District of Columbia had been definitively projected. Obama won 332 electoral votes and carried all the states and districts (among states that allocate electoral votes by district) that he had won in the 2008 election except North Carolina, Indiana, and Nebraska's 2nd congressional district.",40.8,R,68.6,1,40,47.6,70.1,,,3,304,Donald Trump, ,46.10%,174419,62985106,West,3,,-0.5,3,Wyoming,,,Wyoming,R,255849,136628459,,R,2016
UT,Hex,6,,,,,,Hillary Clinton,,,,0,,27.8,,,,227,Hillary Clinton,Donald Trump,48.20%,310676,65853625,,,,,,,,,,,,,,,"Although most major media outlets insisted before the election that the race was too close to predict a winner in advance, analysts using statistical models, bookmakers, and betting markets had Obama as a clear favorite. At around 11:15 PM EST on Election Day, most major television networks called Ohio for Obama, projecting him the winner of the election. At around 1:00 AM EST on November 7, Romney conceded the election to Obama. By November 10, the electoral outcomes of all 50 states and the District of Columbia had been definitively projected. Obama won 332 electoral votes and carried all the states and districts (among states that allocate electoral votes by district) that he had won in the 2008 election except North Carolina, Indiana, and Nebraska's 2nd congressional district.",48.1,R,72.8,1,45,18.1,45.9,,,6,304,Donald Trump, ,46.10%,515231,62985106,West,4,,-0.5,2,Utah,,,Utah,R,1131430,136628459,,R,2016
AZ,Hex,11,,,,,,Hillary Clinton,,,,0,,45.4,,,,227,Hillary Clinton,Donald Trump,48.20%,1161167,65853625,,,,,,,,,,,,,,,"Although most major media outlets insisted before the election that the race was too close to predict a winner in advance, analysts using statistical models, bookmakers, and betting markets had Obama as a clear favorite. At around 11:15 PM EST on Election Day, most major television networks called Ohio for Obama, projecting him the winner of the election. At around 1:00 AM EST on November 7, Romney conceded the election to Obama. By November 10, the electoral outcomes of all 50 states and the District of Columbia had been definitively projected. Obama won 332 electoral votes and carried all the states and districts (among states that allocate electoral votes by district) that he had won in the 2008 election except North Carolina, Indiana, and Nebraska's 2nd congressional district.",9.1,R,53.7,1,5,4.1,49.5,,,11,304,Donald Trump, ,46.10%,1252401,62985106,West,5,,-0.5,2,Arizona,,,Arizona,R,2123372,136628459,,R,2016